Id,Name
3967,Yi Zhang
3087,Aurelie C. Lozano
3039,Dustin Lang
6551,Xinghao Pan
8262,Theophane Weber
4503,Armand Joulin
2650,Arthur Gretton
4762,Justin Domke
8227,Jimin Song
7292,Zaid Harchaoui
7927,Volodymyr Kuleshov
7923,Vinay Chaudhary
7267,Adarsh Prasad
6558,Praneeth Netrapalli
8413,Eva Tardos
5067,Guillaume Desjardins
8404,Xin Liu
7917,Chunyuan Li
8045,Yuxin Chen
2467,Ofer Dekel
8205,Chris Fernandez
8085,Soumith Chintala
2410,Adnan Darwiche
7405,Razvan Pascanu
8416,Huishuai Zhang
8352,David Bindel
8003,Yuichi Yoshida
7147,Yunpeng Pan
7432,Tengyu Ma
8306,Shafin Rahman
7899,Mustafa Suleyman
4851,Sashank J. Reddi
7862,Emanuel V. Todorov
8408,Yunwen Lei
8434,Chansoo Lee
8403,R. Srikant
4435,Mingyuan Zhou
8004,Reza Harikandeh
7601,Jennifer A. Gillenwater
8301,Jeffrey Pennington
8373,David B. Smith
1252,Mark Herbster
8342,Ji He
8225,Zhuoran Yang
8260,Pratik Jawanpuria
6548,Alex J. Smola
7154,Zhaoran Wang
1670,Maneesh Sahani
8091,Fereshteh Sadeghi
8055,Xiangru Lian
8283,Ravi Sastry Ganti
7965,Nicolai Meinshausen
7913,Jonathan Bassen
4452,Ricardo Henao
7632,Nika Haghtalab
8261,John Schulman
8325,Tianlin Shi
7953,Thibaut Lienart
8164,Santosh Vempala
7981,Andrew Forney
893,Babak Hassibi
5636,Mohammad Norouzi
8315,Rafael Bombarell
8153,Anup Rao
2091,David Hsu
8353,David Mimno
6589,Tzu-Kuo Huang
4227,George Konidaris
8106,Armando Solar-Lezama
7344,Kai Zhong
5575,Ralph Bourdoukan
8286,Wei Sun
4116,Sanmay Das
4456,Jinbo Xu
7161,Simon Lacoste-Julien
7499,Happy Mittal
8419,Ibrahim M. Alabdulmohsin
8250,Rahul G. Krishnan
8374,Kirill Trapeznikov
7873,Aleksandar Zlateski
8263,Anuj Mahajan
3585,Marcus Liwicki
7996,Rina Foygel Barber
7960,Vivien Seguy
8423,Masrour Zoghi
1912,Jason Weston
6333,Judea Pearl
3537,Benjamin Recht
8135,Amar Shah
4953,Mark D. Reid
3630,Elad Hazan
7936,Stéphanie ALLASSONNIERE
8326,Andrew Miller
7930,Ehsan Adeli-Mosabbeb
5372,Stefan Habenschuss
7944,Dustin Tran
7963,Dominik Rothenhäusler
7897,Edward Grefenstette
7924,Michael Young
5506,Ryan Kiros
7190,Tapani Raiko
7920,Eugene Davydov
200,Yann LeCun
8363,TIAN TIAN
8370,Akihiro Kishimoto
8179,Dmitriy Serdyuk
8011,Ludwig Schmidt
8228,Kevin Chen
7524,Vitaly Kuznetsov
7448,Thang D. Bui
8248,Yi-An Ma
6406,Florent Krzakala
6279,Yu-Xiang Wang
4519,Ofer Meshi
7192,Kyunghyun Cho
7990,Olivier Fercoq
6691,Luis Rademacher
8328,Jeff Regier
8331,David Schlegel
7253,Julie A. Shah
7937,Stanley DURRLEMAN
8362,Qiang Qiu
3546,Edwin V. Bonilla
6322,Rob Nowak
8414,Parikshit Shah
6650,Sebastien Bubeck
8217,Frank Hutter
8013,Brian Caffo
8086,arthur szlam
8311,David Kappel
8294,Hongzhou Lin
6736,Gregory Valiant
8310,Michael F. Mathieu
8057,Yuncheng Li
8309,Ross Goroshin
8377,Hung H. Bui
6399,David B. Dunson
8160,Ian Kash
2813,Harri Valpola
8358,Wittawat Jitkrittum
4283,Venkatesh Saligrama
8199,Xavier Bouthillier
8066,Yingzhen Li
8243,Ulrich Bauer
8027,Abhradeep Thakurta
3668,David Sontag
5523,Nicolas Heess
8144,Peter Lofgren
8383,Omer Reingold
8095,Qing Sun
7967,Shuang Li
7474,Vibhav G. Gogate
7891,Yulai Cong
7926,Dan Dennison
7870,Terry Koo
8104,William Dally
8078,Jackson Gorham
2095,Li Deng
3341,Guillermo Sapiro
8264,Megasthenis Asteris
7145,Yinlam Chow
3001,Lawrence Carin
521,Alon Orlitsky
7864,Roman Garnett
6631,Trevor Campbell
2966,Kilian Q. Weinberger
8150,Yang Yu
6649,Emma Brunskill
8178,Dzmitry Bahdanau
8017,Daniel Reichman
8340,Vivek Rathod
7904,Mikko Honkala
7989,Eugene Ndiaye
8037,Michael Chertkov
8008,Scott Sallinen
2150,Mikhail Belkin
1431,Ron Meir
8015,Ahmed Alaoui
8396,Janne H. Korhonen
8280,Yang Ning
8166,Constantinos Daskalakis
8147,Kiran K. Thekumparampil
7980,Timothy Kopp
3842,Karthik Sridharan
8302,Felix Yu
3539,Leonidas J. Guibas
6443,Patrick Jaillet
8157,Jennifer Chayes
1946,Ming-Hsuan Yang
8313,Dougal Maclaurin
8165,Takashi Takenouchi
1559,Wee Sun Lee
8113,Sebastian Bitzer
1925,Yee Whye Teh
8371,Radu Marinescu
8159,Mohammad Sadegh Talebi Mazraeh Shahi
7985,Xiao Li
8282,Ankit Singh Rawat
5540,Heiko Strathmann
6637,Yingyu Liang
1020,Zoubin Ghahramani
7931,Kim-Han Thung
8202,Peter Flach
8299,Brendan van Rooyen
1033,Tomás Lozano-Pérez
8048,Andrej Risteski
8118,Yu-Ying Liu
8336,Thomas Unterthiner
2708,Georgios Theocharous
7925,Jean-François Crespo
5667,Lucas Theis
7160,Ian En-Hsu Yen
8111,Marylou Gabrie
7287,Quoc V. Le
7951,Ahmed Hefny
6834,Christopher R. Genovese
8426,Junpei Komiyama
4286,Michael W. Mahoney
8269,Adil Paul
5282,Anima Anandkumar
8275,Noam Brown
8242,Weili Lin
549,Wulfram Gerstner
8266,Fredrik D. Johansson
8292,Peter Richtarik
5335,Aditya Khosla
7488,Philip Bachman
8316,Timothy Hirzel
6687,Akshay Balsubramani
8119,James McInerney
1370,Brendan J. Frey
7526,Yining Wang
7630,marc lelarge
7878,Jimei Yang
7451,Tor Lattimore
8308,Andrew M. Dai
575,Robert C. Williamson
8014,Kenji Kawaguchi
8089,Xinchen Yan
6426,Tim Roughgarden
7970,Aaditya Ramdas
8092,C. Lawrence Zitnick
4194,Bertrand Thirion
7370,Kafui Dzirasa
5657,Isabel Valera
3138,Rebecca Willett
7165,Gabriel Peyré
5192,Rémi Bardenet
7264,Emmanuel Candes
8093,Ali Farhadi
1821,Arnaud Doucet
8062,Ryan J. Giordano
8290,Shan-Wei Lin
6613,James R. Lloyd
2141,Ronan Collobert
7880,Mengye Ren
5305,Moritz Hardt
1323,Dit-Yan Yeung
8108,Alexander Novikov
4613,Wei Wang
8129,Hadi Mohasel Afshar
6639,Daniel Vainsencher
8284,Laura Balzano
4684,András György
8195,Dharmendra S. Modha
7972,Wei Xing
7971,Hong Wang
8439,Soroosh Shafieezadeh-Abadeh
8257,Gunwoong Park
8285,Aurelien Lucchi
8435,Sorathan Chaturapruek
5059,Akshay Krishnamurthy
5236,Chenlei Leng
3292,Honglak Lee
3125,Krishna V. Shenoy
6764,Xiaoxiao Guo
8272,Colin Sandon
8237,Maxwell Collins
8146,Yoshiki Suzuki
4113,Constantine Caramanis
7132,Anqi Wu
7905,Leo Kärkkäinen
8043,Rahul Kidambi
7998,Shengjie Wang
8298,Kai-Yang Chiang
8293,Tasuku Soma
8081,Andrew Isaac Meso
8026,Kunal Talwar
8120,Ye Wang
8356,Miguel A. Carreira-Perpinan
8252,Piotr Indyk
5303,Arindam Banerjee
8388,Shirley Ho
2313,Ilya Shpitser
7911,Kratarth Goel
3697,Tom Erez
5418,Alexander T. Ihler
7651,Martin Jaggi
2458,Antonio Torralba
8056,Yijun Huang
6320,Nikhil Rao
8400,mladen kolar
8405,Chong Jiang
7195,Kihyuk Sohn
178,Yoshua Bengio
1453,Martin Riedmiller
1661,Sophie Denève
8143,Siddhartha Banerjee
7319,Balázs Szörényi
8417,Yi Zhou
7148,Evangelos Theodorou
7477,Yuya Yoshikawa
7239,Sanjay Chawla
8012,Huitong Qiu
5571,Oriol Vinyals
8136,Ivan Petej
8255,Jonas W. Mueller
8024,Avi Wigderson
8097,Ilker Yildirim
7895,Matthieu Courbariaux
7350,Peter Kairouz
5586,Youssef Mroueh
7992,Rémi Lemonnier
6995,Sushant Sachdeva
350,Samy Bengio
7938,Minhyung Cho
8105,Kevin Ellis
6392,Rie Johnson
8163,Will Perkins
7427,Andres Munoz
5197,Philip S. Thomas
8300,Aditya Menon
2384,Rajesh P. Rao
8184,Max Jaderberg
3557,Nakul Verma
7889,Andrew G. Berneshawi
6533,Laurent Dinh
7941,Amir Dezfouli
7483,Michael A. Osborne
8139,Mark Kozdoba
8058,Ashwinkumar Badanidiyuru
8046,Alkis Gotovos
8187,Yaara Yeshurun
2205,Aaron C. Courville
8033,Christopher Musco
8183,Pedro O. Pinheiro
8386,Bo Waggoner
8158,Richard Combes
4506,Emile Richard
8125,Stephen Voinea
4388,Masayuki Karasuyama
7438,Kacper P. Chwialkowski
8432,Ruoyu Sun
8230,S.V.N. Vishwanathan
7934,Dinggang Shen
8141,Kristin Branson
3753,Slav Petrov
3422,Jakob H. Macke
8047,Hamed Hassani
3055,Kunle Olukotun
4568,Hiroshi Nakagawa
7947,Abbas Abdolmaleki
7207,Anton van den Hengel
7968,Yao Xie
8277,james m. robins
8297,Hsiang-Fu Yu
8409,Urun Dogan
3963,Kamalika Chaudhuri
8198,Alexandre de Brébisson
4314,Seungjin Choi
5534,Joseph Wang
8180,Adria Recasens
3110,Larry Wasserman
2784,Jieping Ye
5077,Tomer Koren
4355,Andrea Montanari
7476,Shou-De Lin
758,Yoav Freund
6343,Harikrishna Narasimhan
8083,Changwei Hu
8429,Wei Cao
8005,Mohamed Osama Ahmed
7636,Nisarg Shah
4585,Silvia Villa
8351,Moontae Lee
8401,Anastasia Pentina
8307,Antti Rasmus
3388,Carsten Rother
8210,Gustavo Malkomes
8022,Min Li
7228,David I. Inouye
8203,Meelis Kull
8063,Alp Kucukelbir
8074,Christoph Dann
7502,Somdeb Sarkhel
8324,Chongxuan Li
4782,Jacob D. Abernethy
8412,Jason Hartline
8369,Jimeng Sun
2978,Xiaojin Zhu
3011,Lorenzo Rosasco
6577,Rupesh K. Srivastava
6620,David J. Fleet
7351,Pramod Viswanath
4089,Deepayan Chakrabarti
6862,Devdatt Dubhashi
2459,Amos J. Storkey
8229,Pinar Yanardag
7876,Kaiming He
6503,Ziteng Wang
4348,Timothy T. Rogers
6409,Jinwoo Shin
8384,Aaron Roth
8197,Ayan Chakrabarti
8323,Finale Doshi-Velez
8223,Julian Straub
2628,Branislav Kveton
7884,Wonmin Byeon
6597,Nagarajan Natarajan
4147,Piyush Rai
7501,Parag Singla
8314,Jorge Iparraguirre
8002,Naoto Ohsaka
7943,Fernando Perez-Cruz
6376,Karen Simonyan
7918,D. Sculley
8186,Janice Chen
6745,Jan R. Peters
8235,Cengiz Pehlevan
5146,Alexandros Kalousis
2312,Stuart J. Russell
6314,Eric P. Xing
8101,Song Han
5553,Anton Osokin
2173,Hongyuan Zha
6347,Rishabh K. Iyer
3309,Mohammad Ghavamzadeh
3916,Phil Blunsom
7997,Kai Wei
618,Wolfgang Maass
7138,Niao He
4400,Pushmeet Kohli
7964,Christina Heinze
2743,Liva Ralaivola
8175,Yuting Zhang
7945,James Kwok
8346,Xinying Song
8387,Yen-Chi Chen
7978,Vince Calhoun
3599,Charlie Frogner
6780,Pascal Fua
6418,Zheng Wen
7566,Emily L. Denton
4132,Chunhua Shen
7954,Farzaneh Mirzazadeh
8236,Dmitri Chklovskii
3394,Vikas Sindhwani
3841,Bo Zhang
8258,Dan Alistarh
5364,Stephen Pasteris
5587,Alex Schwing
5404,Eunho Yang
8354,Ke Sun
7658,Siamak Ravanbakhsh
4638,Ji Liu
8073,Andrew G. Wilson
7910,Kyle Kastner
6368,Inderjit S. Dhillon
8406,Tatsunori Hashimoto
4074,Daniel Golovin
1523,Yair Weiss
8305,Will Kay
7335,Michal Valko
4523,Fuxin Li
8124,Tim Lillicrap
8375,Michail Kontitsis
5638,Tuo Zhao
8337,Manuel Watter
8001,Yali Wan
8155,Quoc Tran Dinh
8407,Saurabh Paul
7958,Hossein Mobahi
6553,Baharan Mirzasoleiman
7929,William T. Stephenson
7564,koray kavukcuoglu
4032,Emily Fox
4389,Ichiro Takeuchi
7269,Xiangyu Wang
7962,Matthias Grossglauser
8333,Il Memming Park
7974,Michaël Perrot
6586,Jonas Peters
6717,Bogdan Savchynskyy
8395,Bryan D. He
7310,Jiaming Xu
8317,Alan Aspuru-Guzik
6369,Pradeep K. Ravikumar
8196,Yuval Harel
6342,Shai Shalev-Shwartz
8366,Xiaocheng Shang
4475,Lin Xiao
7900,Oren Rippel
6522,Richard Zemel
8076,YUANJUN GAO
8154,Alp Yurtsever
8075,Jamie H. Morgenstern
8289,Aviv Tamar
7906,Akos Vetek
3567,Hao Wang
7478,Hiroshi Sawada
5623,Mehrdad Mahdavi
8096,Jiajun Wu
8130,Julian E. Yarkony
3538,Jonathan Huang
7411,Murat Kocaoglu
8010,Raman Sankaran
8109,Dmitrii Podoprikhin
6461,Jun Zhu
8335,Andreas Mayr
8069,Vasilis Syrgkanis
6449,Csaba Szepesvari
8122,Ya-Ping Hsieh
4513,Olivier Colliot
6338,Michael I. Jordan
6612,José Miguel Hernández-Lobato
8347,Nilesh Tripuraneni
2139,John Langford
8207,Tara Sainath
8385,Krzysztof Dembczynski
3387,Huan Xu
8338,Joschka Boedecker
1965,John W. Fisher III
7921,Todd Phillips
3696,Yuval Tassa
8064,Rajesh Ranganath
7946,Anastasia Podosinnikova
8256,Pierre Baque
8410,Alexander Binder
8140,peter j. bickel
3294,Ping Li
6684,Mahito Sugiyama
6349,Rafael Frongillo
6685,Brenden M. Lake
2630,David C. Parkes
4768,Pranjal Awasthi
3906,Prateek Jain
6413,Jonathan P. How
7447,Brian Ziebart
7317,Kevin Scaman
8145,Atsushi Shibagaki
6624,Karsten Borgwardt
6514,Behnam Neyshabur
7871,Geoffrey Hinton
3758,Andreas Krause
8424,Shimon Whiteson
4022,Shakir Mohamed
8390,Wenlin Chen
8392,Tianyang Li
8288,Christopher R. Dance
7449,Richard E. Turner
2093,Shie Mannor
1573,Doina Precup
7133,Oluwasanmi O. Koyejo
6438,Michael C. Hughes
8071,Kendall Lowrey
8341,Jianshu Chen
7902,Vaibhav Srivastava
7222,Christopher Ré
7866,Alexander S. Ecker
8137,Valentina Fedorova
7912,Chris Piech
7959,Tomaso A. Poggio
4730,Alexandre Gramfort
7218,Sheng Chen
8239,Roland Kwitt
709,Manfred Opper
7633,Ariel D. Procaccia
8334,Djork-Arné Clevert
8194,Rathinakumar Appuswamy
8133,Giorgio Corani
8142,Dimitris Papailiopoulos
4262,Wei Chen
8295,Joseph Lehec
7949,Nuno Lau
3602,Ohad Shamir
7307,Joseph Salmon
8241,Marc Niethammer
8270,ABHISEK KUNDU
7890,Huimin Ma
7212,Junhua Mao
7994,Lenka Zdeborová
8279,Simon Barthelmé
7541,Nigel Goddard
8191,Junhyuk Oh
8126,Maria Lomeli
7668,Meisam Razaviyayn
8213,Aaron Klein
8367,Zhanxing Zhu
8378,Long Tran-Thanh
3304,Ambuj Tewari
8006,Alim Virani
8321,Wang-chun WOO
4933,Carl Vondrick
1019,Tommi Jaakkola
7879,Scott E. Reed
8394,Ivor Tsang
3631,Satyen Kale
3569,Jian Li
6722,Jesse Davis
5318,Jeff Beck
7919,Gary Holt
8437,Theodoros Tsiligkaridis
5558,Yuekai Sun
4517,Zoran Popovic
8112,Eric W. Tramel
8102,Jeff Pool
6471,Ce Zhang
8397,Pekka Parviainen
7966,Jacob Steinhardt
4217,Marius Kloft
5442,Nicholas Ruozzi
8382,Cynthia Dwork
7868,Xiaolin Hu
6621,Michalis Titsias
205,Avrim Blum
8418,Yingbin Liang
8339,Anoop Korattikara Balan
7901,Michael Shvartsman
6507,Adam Smith
7907,Juha T. Karhunen
1285,Marina Meila
2850,Suvrit Sra
8224,Kwang-Sung Jun
7140,Bharath Sriperumbudur
6798,Bernt Schiele
6767,Dan Rosenbaum
8278,Guillaume P. Dehaene
8253,Thijs Laarhoven
2318,David Danks
1989,Koby Crammer
8379,Fangjian Guo
7948,Rudolf Lioutikov
6366,Cho-Jui Hsieh
8438,Keith Forsythe
2747,Jeff A. Bilmes
347,Jonathan D. Cohen
7888,Yukun Zhu
4285,Petros Drineas
6360,Zohar S. Karnin
8082,Laurent U. Perrinet
8174,Dylan J. Foster
8087,Qiong Yan
8127,Stefano Favaro
6295,Amin Karbasi
7629,Se-Young Yun
7950,Luis Pualo Reis
2816,Ruslan R. Salakhutdinov
8107,James Lu
5014,Nati Srebro
3516,Lars Buesing
7875,Shaoqing Ren
8218,Peter Schulam
3964,Volkan Cevher
8052,Adith Swaminathan
8421,Justin Romberg
8072,Galen Andrew
6485,Zhi-Hua Zhou
7869,Łukasz Kaiser
7542,Charles Sutton
7908,Georges A. Goetz
8327,Albert Wu
7916,Zhe Gan
8274,Sriram Vishwanath
8000,Chao Qu
3959,Ilya Sutskever
2724,Alina Beygelzimer
8425,Maarten de Rijke
6526,Yann Dauphin
8231,Ted Meeds
7893,Michael Eickenberg
7422,Tian Lin
2037,Pascal Vincent
5123,Eyke Hüllermeier
7874,Vishwanathan Ashwin
8007,Jakub Konečný
8151,Qinqing Zheng
7942,Lennart Svensson
8240,Stefan Huber
8054,Chris Oates
6765,Satinder Singh
8376,Jaya Kawale
6883,John V. Arthur
5143,Jun Wang
6348,Peter L. Bartlett
8032,Cameron Musco
1926,Kevin P. Murphy
5193,Yisong Yue
7969,Hanjun Dai
8132,Mauro Scanagatta
7896,Jean-Pierre David
6306,Tejas D. Kulkarni
3620,Sujay Sanghavi
8304,Lasse Espeholt
8220,David Moore
6274,Guy Van den Broeck
8389,Matt J. Kusner
3911,Julien Mairal
3605,John P. Cunningham
8268,Róbert Busa-Fekete
6400,Alessandro Rudi
7125,Milan Vojnovic
8168,Mithun Chakraborty
8249,Tianqi Chen
7935,Jean-Baptiste SCHIRATTI
8415,Gongguo Tang
8149,Chao Qian
8436,Yifan Wu
8020,Azin Ashkan
6804,François Fleuret
8345,Jianfeng Gao
8209,Jacob Gardner
8427,Junya Honda
8344,Xiaodong He
7872,Kisuk Lee
4917,David K. Duvenaud
7982,Marin Kobilarov
5207,Joseph J. Lim
8099,Junbo Zhao
8018,Xinyang Yi
7995,Wooseok Ha
6582,David E. Carlson
6734,Reshad Hosseini
4085,Edo M. Airoldi
8329,Jon McAuliffe
4682,Gergely Neu
3823,Takafumi Kanamori
4524,Nan Ding
3402,Mingjun Zhong
8077,Lars Busing
2649,Denny Zhou
6486,Brian McWilliams
2539,Sanjiv Kumar
8065,Andrew Gelman
6690,James R. Voss
8265,Anastasios Kyrillidis
8428,Oren Anava
6457,Tamara Broderick
4280,David Silver
8365,Dmytro Shlezinger
7898,Karl Moritz Hermann
4876,Wouter M. Koolen
7400,Piotr Dollar
8271,Emmanuel Abbe
7988,David Tse
6504,Kai Fan
8188,Dane S. Corneil
7531,Alaa Saade
8357,Max Vladymyrov
3212,Henry Kautz
7881,Haoyuan Gao
8246,Patrick Lucey
8381,Upamanyu Madhow
3894,Garvesh Raskutti
4867,Christoph H. Lampert
5200,Aude Oliva
8041,Zoltan Szabo
5713,Jonathan W. Pillow
8372,Adi Botea
969,Thomas Hofmann
4018,Chris Lucas
2187,Max Welling
6677,Daniel Kuhn
8038,Qingqing Huang
8430,Yufei Tao
8167,Gautam C. Kamath
8287,Guang Cheng
8128,Juho Lee
6545,Jimmy Ba
8391,Benjamin Moseley
4037,Aarti Singh
5686,Tomi Silander
8173,Alexandre Bayen
5417,Qiang Liu
3724,Zhouchen Lin
5174,Kevin G. Jamieson
3336,Wenye Li
7961,Lucas Maystre
8036,Sejun Park
4368,Hamed Pirsiavash
7914,Mehran Sahami
8291,Zheng Qu
6521,Toni Pitassi
7883,Zhiheng Huang
3451,Alexander Rakhlin
8422,Suriya Gunasekar
8138,Maxim Rabinovich
7940,Jaehyung Lee
3161,Le Song
8433,Julien Audiffren
8090,Cesc C. Park
8025,Huan Li
4509,Raquel Urtasun
8019,Jean-Bastien grill
7956,Nihar Bhadresh Shah
6464,Daniel J. Hsu
7977,Cynthia Freeman
3863,Özgür Şimşek
2686,Pieter Abbeel
8254,Ilya Razenshteyn
4134,Lei Wang
8420,Sohail Bahmani
2132,Dan Klein
8044,Maksim Lapin
4023,Katherine A. Heller
7922,Dietmar Ebner
8319,Zhourong Chen
6446,Remi Munos
7421,Jacob Andreas
7598,Bohyung Han
7348,Rakesh Shivanna
8131,Charless Fowlkes
6523,Tomas Mikolov
2692,Paul Merolla
8029,Yossi Arjevani
3472,Ryota Tomioka
863,H. Sebastian Seung
8368,Benedict Leimkuhler
8233,Bryan Kian Hsiang Low
5542,Pinghua Gong
4601,Manik Varma
2678,Vladimir Vovk
8238,Matthew A. Johnson
4027,Wei Xu
2385,Matthias Bethge
4931,Martin Slawski
7318,Mehrdad Farajtabar
8116,Guosheng Lin
1568,Malik Magdon-Ismail
5142,Chiyuan Zhang
5539,Dino Sejdinovic
7331,Kfir Levy
8023,Xiaoming Yuan
5356,Nan Du
8251,Alexandr Andoni
7298,Danilo Jimenez Rezende
8245,Mathew Monfort
8098,Xiang Zhang
8355,Stephane Marchand-Maillet
3982,Gerhard Neumann
8364,Alexander Kirillov
8156,Christian Borgs
6323,Jie Wang
2732,Matthias Hein
5132,Bo Chen
8169,Yaron Singer
8192,Keenon Werling
4274,Bill Freeman
8190,Hyeonwoo Noh
4240,Uri Hasson
6439,Erik Sudderth
4729,Gael Varoquaux
7983,Gheorghe Comanici
1501,Joydeep Ghosh
8053,François-Xavier Briol
8088,Wenxiu Sun
6335,Francis Bach
8206,Nicholas J. Glattard
7158,John Lafferty
2108,Chiranjib Bhattacharyya
8350,Himanshu Jain
8219,Suchi Saria
4344,Arthur Choi
8035,Sung-Soo Ahn
5308,Dhruv Batra
7137,Bo Xie
6408,Murat A. Erdogdu
1904,Dale Schuurmans
8208,Harm de Vries
7932,Le An
6868,Purnamrita Sarkar
3453,John C. Duchi
8080,Jonathan Vacher
8399,Siqi Sun
7886,Xiaozhi Chen
7461,Cassio P. de Campos
8100,Alireza Makhzani
8212,Matthias Feurer
8343,Yelong Shen
1357,Geoffrey J. Gordon
8201,Navdeep Jaitly
8114,Stefan Kiebel
2797,Tomoharu Iwata
4137,Mark Schmidt
6628,Robert Calderbank
2559,Thorsten Joachims
7939,Chandra Dhir
7903,Mathias Berglund
8393,Weiwei Liu
8162,Daniel Khashabi
8330,Mr. Prabhat
7984,Prakash Panangaden
7987,Farzan Farnia
8181,Klaus Greff
8322,Noam Shazeer
8161,Kent Quanrud
3862,Ryan P. Adams
8079,Lester Mackey
8200,Meire Fortunato
8247,Samuel Livingstone
7915,Jascha Sohl-Dickstein
5588,James Hensman
8359,Ahmad Qamar
8134,Marco Zaffalon
3072,Nicolas Vayatis
8148,Guillaume Papa
4671,Purushottam Kar
8060,Yichen Wang
8398,Zhan Wei Lim
4548,Mohammad E. Khan
8051,Stéphan Clémençon
6310,Sida Wang
8214,Katharina Eggensperger
7909,Junyoung Chung
8115,Gergo Bohner
8172,Walid Krichene
8318,Xingjian SHI
8273,Bhaswar Bhattacharya
2160,E. J. Chichilnisky
4356,Sewoong Oh
4339,James Haxby
8050,Aurélien Bellet
7413,Alexandros G. Dimakis
8244,Elaine Angelino
7143,Alan Malek
2133,Christopher D. Manning
7933,Feng Shi
8049,Igor Colin
5163,Philipp Hennig
8182,William F. Whitney
7152,Ananda Theertha Suresh
7235,Changyou Chen
7865,Leon Gatys
8296,Raffaello Camoriano
7979,Shaona Ghosh
4667,Yi Sun
2077,James M. Rehg
2572,Sham M. Kakade
8121,Edo Collins
7885,Marcus Buckmann
6452,David Blei
6448,Yasin Abbasi
8067,Sixin Zhang
5348,Quanquan Gu
8440,Peyman Mohajerin Esfahani
8123,Gregory Wayne
8094,Yan Huang
4379,Sanja Fidler
8042,Bethany Lusch
3555,Han Liu
6559,Matthew Johnson
7877,Jian Sun
6583,Elias Bareinboim
8070,Igor Mordatch
6308,Josh Tenenbaum
4943,Scott Niekum
7252,Been Kim
7957,Miguel Lázaro-Gredilla
7484,Li Xu
4580,Mauricio Araya
8281,Arya Mazumdar
7867,Ming Liang
8110,Dmitry P. Vetrov
6644,Aryeh Kontorovich
8040,Ehsan Abbasi
8189,Seunghoon Hong
4351,Takeshi Yamada
8152,Rasmus Kyng
7955,Jessa Bekker
7993,Arun Tejasvi Chaganty
8176,Sainbayar Sukhbaatar
7127,Ilias Diakonikolas
7412,Karthikeyan Shanmugam
8303,Tomas Kocisky
8411,Marco Pavone
8211,Dennis Barbour
7525,Hsiao-Yu Tung
8320,Wai-kin Wong
4828,Richard L. Lewis
8185,Po-Hsuan (Cameron) Chen
7485,Jimmy SJ Ren
6268,Manuel Gomez-Rodriguez
3606,Alekh Agarwal
7424,Chicheng Zhang
8360,Tian Gao
7685,Kyle R. Ulrich
8267,Ankani Chattoraj
2581,Andrew Zisserman
8177,Jan K. Chorowski
2992,Marco Cuturi
5656,Francisco Ruiz
1901,Tong Zhang
5274,Jasper Snoek
8226,ming yuan
583,Juergen Schmidhuber
7986,Kannan Ramchandran
8170,Jan Vondrak
7509,Barnabas Poczos
7928,Koosha Khalvati
5296,Jayadev Acharya
2794,Rob Fergus
8171,Ronen Eldan
7892,Danilo Bzdok
8348,Hong Ge
7894,Olivier Grisel
8030,Xia Qu
7976,Sergey Plis
2319,Mehryar Mohri
8059,Maren Mahsereci
8402,Huasen Wu
8349,Kush Bhatia
3559,Percy S. Liang
6643,Vitaly Feldman
8021,Tom Goldstein
7991,Wei Ping
5030,Mijung Park
6301,Roger B. Grosse
8380,Dinesh Ramasamy
7975,Amaury Habrard
8103,John Tran
6455,Liang Wang
7973,Kaiser Asif
1141,Sepp Hochreiter
7459,Haipeng Luo
8117,Ian Reid
6740,Jonathan E. Taylor
8028,Li Zhang
4596,Surya Ganguli
8312,Robert Legenstein
8276,Kirthevasan Kandasamy
8039,CHRISTOS THRAMPOULIDIS
4241,Peter J. Ramadge
8216,Manuel Blum
7669,Mingyi Hong
7882,Jie Zhou
6967,Leslie Pack Kaelbling
7455,Vidyashankar Sivakumar
2336,Tuomas Sandholm
8068,Anna E. Choromanska
7186,Scott Linderman
7398,Ross Girshick
8215,Jost Springenberg
8204,Lalit Jain
2744,Mark Girolami
8009,Bibaswan K. Chatterjee
6653,Alexandre Proutiere
7887,Kaustav Kundu
4993,Qiang Ji
7079,Ofer Zeitouni
8222,Maurizio Filippone
7189,Marijn F. Stollenga
8193,Steve K. Esser
8259,Jennifer Iglesias
7243,Samet Oymak
8016,Christopher M. De Sa
4783,Jason D. Lee
8031,Prashant Doshi
8431,Zhize Li
8332,Shixiang Gu
8221,Alexander G. Matthews
8361,Jiaji Huang
710,Robert E. Schapire
8084,Felipe Tobar
3136,Neil Bruce
5637,Fang Han
7999,Wenruo Bai
8232,Quoc Phong Nguyen
4225,Gunhee Kim
7952,Carlton Downey
